{
  "name": "Workflow 1: Monitoreo y Health Check del Sistema",
  "nodes": [
    {
      "parameters": {
        "rule": {
          "interval": [
            {
              "field": "minutes"
            }
          ]
        }
      },
      "type": "n8n-nodes-base.scheduleTrigger",
      "typeVersion": 1.2,
      "position": [
        0,
        0
      ],
      "id": "148a4407-c181-4d21-985d-d2087ee9e6b9",
      "name": "Health Check Timer"
    },
    {
      "parameters": {
        "url": "http://rag_api:8000/health/",
        "options": {}
      },
      "type": "n8n-nodes-base.httpRequest",
      "typeVersion": 4.2,
      "position": [
        220,
        0
      ],
      "id": "c823a713-c100-4ed3-86d5-472f9c9c6525",
      "name": "Check System Health"
    },
    {
      "parameters": {
        "conditions": {
          "options": {
            "caseSensitive": true,
            "leftValue": "",
            "typeValidation": "strict",
            "version": 2
          },
          "conditions": [
            {
              "id": "5b251c5a-7810-4c32-9e4b-3cc2f66de0ef",
              "leftValue": "={{ $json.qdrant.status }}",
              "rightValue": "ok",
              "operator": {
                "type": "string",
                "operation": "equals",
                "name": "filter.operator.equals"
              }
            },
            {
              "id": "9e5ebb8b-3d72-4fa6-8a32-d8392c5b6c85",
              "leftValue": "={{ $json.ollama.status }}",
              "rightValue": "ok",
              "operator": {
                "type": "string",
                "operation": "equals",
                "name": "filter.operator.equals"
              }
            }
          ],
          "combinator": "and"
        },
        "options": {}
      },
      "type": "n8n-nodes-base.if",
      "typeVersion": 2.2,
      "position": [
        440,
        0
      ],
      "id": "f6a7be83-215d-404f-8799-f293e9ced038",
      "name": "If"
    },
    {
      "parameters": {
        "assignments": {
          "assignments": [
            {
              "id": "e3980b64-80a7-479a-9192-330ecbb6bd72",
              "name": "status",
              "value": "\"Error en el sistema\"",
              "type": "string"
            },
            {
              "id": "649a9652-d111-4b6d-9e8c-fe4def0c238f",
              "name": "error_details",
              "value": "={{ JSON.stringify($json) }}",
              "type": "string"
            },
            {
              "id": "830d28ed-3a6a-4ff5-b6eb-779db06a2879",
              "name": "timestamp",
              "value": "={{ new Date().toISOString() }}",
              "type": "string"
            }
          ]
        },
        "options": {}
      },
      "type": "n8n-nodes-base.set",
      "typeVersion": 3.4,
      "position": [
        700,
        80
      ],
      "id": "dfcf72b9-65c0-4b23-a9a9-936da629376e",
      "name": "Error Message"
    },
    {
      "parameters": {
        "assignments": {
          "assignments": [
            {
              "id": "62f127d7-ab51-47e5-9d67-607657a58648",
              "name": "status",
              "value": "\"Sistema funcionando correctamente\"",
              "type": "string"
            },
            {
              "id": "02cf34fa-6803-4d7c-bab1-71b2dc3d7c6c",
              "name": "timestamp",
              "value": "={{ new Date().toISOString() }}",
              "type": "string"
            }
          ]
        },
        "options": {}
      },
      "type": "n8n-nodes-base.set",
      "typeVersion": 3.4,
      "position": [
        700,
        -120
      ],
      "id": "b97af0f1-a900-4a51-9b21-f5c14f436f29",
      "name": "Success Message"
    },
    {
      "parameters": {
        "respondWith": "json",
        "responseBody": "={{ JSON.stringify($json) }}",
        "options": {}
      },
      "type": "n8n-nodes-base.respondToWebhook",
      "typeVersion": 1.3,
      "position": [
        980,
        0
      ],
      "id": "eb7e854f-83b5-4abf-9384-1e064bfcfc28",
      "name": "Respond to Webhook"
    }
  ],
  "pinData": {},
  "connections": {
    "Health Check Timer": {
      "main": [
        [
          {
            "node": "Check System Health",
            "type": "main",
            "index": 0
          }
        ]
      ]
    },
    "Check System Health": {
      "main": [
        [
          {
            "node": "If",
            "type": "main",
            "index": 0
          }
        ]
      ]
    },
    "If": {
      "main": [
        [
          {
            "node": "Success Message",
            "type": "main",
            "index": 0
          }
        ],
        [
          {
            "node": "Error Message",
            "type": "main",
            "index": 0
          }
        ]
      ]
    },
    "Success Message": {
      "main": [
        [
          {
            "node": "Respond to Webhook",
            "type": "main",
            "index": 0
          }
        ]
      ]
    },
    "Error Message": {
      "main": [
        [
          {
            "node": "Respond to Webhook",
            "type": "main",
            "index": 0
          }
        ]
      ]
    }
  },
  "active": true,
  "settings": {
    "executionOrder": "v1"
  },
  "versionId": "6c40b239-6ba5-4e70-9993-1e07a272d462",
  "meta": {
    "instanceId": "3648f3eeae3d370732ff00df5e4cc565cd76a6f00c0ef28cdafac1fb80b5c946"
  },
  "id": "cpvUY5QOdDbkzsFH",
  "tags": []
}