{
  "name": "Workflow 3: Bot de Consultas Automatizado",
  "nodes": [
    {
      "parameters": {
        "httpMethod": "POST",
        "path": "/ask-question",
        "options": {}
      },
      "type": "n8n-nodes-base.webhook",
      "typeVersion": 2,
      "position": [
        0,
        0
      ],
      "id": "67cc41dd-2bec-4d57-91b3-bd1eadaabcc0",
      "name": "Question Webhook",
      "webhookId": "49f710d0-a431-40a5-bb8a-c7a856a8435b"
    },
    {
      "parameters": {
        "assignments": {
          "assignments": [
            {
              "id": "c56c0148-c376-4c2f-a301-ede7c83f33fa",
              "name": "question",
              "value": "={{ $json.body.question || $json.body.pregunta }}",
              "type": "string"
            },
            {
              "id": "ea2deda7-7cce-4bc9-af75-7e42e2b40bc9",
              "name": "user_id",
              "value": "={{ $json.body.user_id || \"anonymous\" }}",
              "type": "string"
            }
          ]
        },
        "options": {}
      },
      "type": "n8n-nodes-base.set",
      "typeVersion": 3.4,
      "position": [
        220,
        0
      ],
      "id": "d1c6be38-b66d-45d2-9700-8d9ac94133fd",
      "name": "Extract Question"
    },
    {
      "parameters": {
        "conditions": {
          "options": {
            "caseSensitive": true,
            "leftValue": "",
            "typeValidation": "strict",
            "version": 2
          },
          "conditions": [
            {
              "id": "b2940463-fa5b-439d-a967-86c8de146a7c",
              "leftValue": "={{ $json.question && $json.question.length }}",
              "rightValue": 0,
              "operator": {
                "type": "number",
                "operation": "gt"
              }
            }
          ],
          "combinator": "and"
        },
        "options": {}
      },
      "type": "n8n-nodes-base.if",
      "typeVersion": 2.2,
      "position": [
        400,
        0
      ],
      "id": "1d67d246-2a25-41d9-ac22-12222c60ad7e",
      "name": "Valid Question?"
    },
    {
      "parameters": {
        "method": "POST",
        "url": "http://rag_api:8000/consultar/",
        "sendBody": true,
        "bodyParameters": {
          "parameters": [
            {
              "name": "pregunta",
              "value": "={{ $json.question }}"
            }
          ]
        },
        "options": {}
      },
      "type": "n8n-nodes-base.httpRequest",
      "typeVersion": 4.2,
      "position": [
        680,
        -140
      ],
      "id": "0efcc6a9-58e2-4781-91b0-5b42e3775924",
      "name": "Query Documents"
    },
    {
      "parameters": {
        "assignments": {
          "assignments": [
            {
              "id": "02a72d76-f617-414f-8c4f-b2ce83931420",
              "name": "user_id",
              "value": "={{ $('Extract Question').item.json.user_id }}",
              "type": "string"
            },
            {
              "id": "458b6707-05d6-4677-b19c-15eebb2ab859",
              "name": "question",
              "value": "={{ $json.pregunta }}",
              "type": "string"
            },
            {
              "id": "596bb02c-75d9-4c3d-93cd-57d8cda31da9",
              "name": "answer",
              "value": "={{ $json.respuesta }}",
              "type": "string"
            },
            {
              "id": "c6e9b487-ae17-4e12-b198-1e4e55142ce2",
              "name": "fragments_used",
              "value": "={{ $json.num_fragmentos_encontrados }}",
              "type": "string"
            },
            {
              "id": "d11ca0fc-409e-44cc-877c-5f1a126021a0",
              "name": "timestamp",
              "value": "={{ new Date().toISOString() }}",
              "type": "string"
            }
          ]
        },
        "options": {}
      },
      "type": "n8n-nodes-base.set",
      "typeVersion": 3.4,
      "position": [
        900,
        -140
      ],
      "id": "3d3d8ab8-9ca1-48c1-97d2-4824a2e479da",
      "name": "Format Response"
    },
    {
      "parameters": {
        "assignments": {
          "assignments": [
            {
              "id": "596df76c-8e8f-461b-ab46-3f4e12c8268f",
              "name": "error",
              "value": "\"Pregunta vacía o inválida\"",
              "type": "string"
            },
            {
              "id": "39702be5-ccce-4ecd-893e-8ef692588d38",
              "name": "timestamp",
              "value": "={{ new Date().toISOString() }}",
              "type": "string"
            }
          ]
        },
        "options": {}
      },
      "type": "n8n-nodes-base.set",
      "typeVersion": 3.4,
      "position": [
        620,
        100
      ],
      "id": "6dc96e0f-e2f5-402c-8da1-36c4b0fc0933",
      "name": "Error for Invalid Question"
    },
    {
      "parameters": {
        "respondWith": "json",
        "responseBody": "={{ JSON.stringify($json) }}",
        "options": {}
      },
      "type": "n8n-nodes-base.respondToWebhook",
      "typeVersion": 1.3,
      "position": [
        840,
        100
      ],
      "id": "a137920f-d1d2-4b06-b884-96e414603a80",
      "name": "Respond to Webhook"
    }
  ],
  "pinData": {},
  "connections": {
    "Question Webhook": {
      "main": [
        [
          {
            "node": "Extract Question",
            "type": "main",
            "index": 0
          }
        ]
      ]
    },
    "Extract Question": {
      "main": [
        [
          {
            "node": "Valid Question?",
            "type": "main",
            "index": 0
          }
        ]
      ]
    },
    "Valid Question?": {
      "main": [
        [
          {
            "node": "Query Documents",
            "type": "main",
            "index": 0
          }
        ],
        [
          {
            "node": "Error for Invalid Question",
            "type": "main",
            "index": 0
          }
        ]
      ]
    },
    "Query Documents": {
      "main": [
        [
          {
            "node": "Format Response",
            "type": "main",
            "index": 0
          }
        ]
      ]
    },
    "Error for Invalid Question": {
      "main": [
        [
          {
            "node": "Respond to Webhook",
            "type": "main",
            "index": 0
          }
        ]
      ]
    }
  },
  "active": true,
  "settings": {
    "executionOrder": "v1"
  },
  "versionId": "0ea9573c-982b-47e5-a81e-2a3a7c4b09d5",
  "meta": {
    "instanceId": "3648f3eeae3d370732ff00df5e4cc565cd76a6f00c0ef28cdafac1fb80b5c946"
  },
  "id": "CoPYeiU8MP0GtYP2",
  "tags": []
}