{
  "name": "Workflow 5: Notificaciones y Alertas",
  "nodes": [
    {
      "parameters": {
        "httpMethod": "POST",
        "path": "/system-alert",
        "options": {}
      },
      "type": "n8n-nodes-base.webhook",
      "typeVersion": 2,
      "position": [
        0,
        0
      ],
      "id": "646a1ba2-ec1d-411d-9d80-184437949344",
      "name": "System Alert Trigger",
      "webhookId": "d6d9f96e-6dc5-4d50-a772-598ba2678495"
    },
    {
      "parameters": {
        "mode": "expression",
        "numberOutputs": 3,
        "output": "={{ $json.body.alert_type }}"
      },
      "type": "n8n-nodes-base.switch",
      "typeVersion": 3.2,
      "position": [
        220,
        0
      ],
      "id": "3ae3fcb1-50b9-4357-b961-35e383e1dc53",
      "name": "Switch"
    },
    {
      "parameters": {
        "assignments": {
          "assignments": [
            {
              "id": "56e4482a-d042-4473-a923-714e12f57b52",
              "name": "priority",
              "value": "\"high\"",
              "type": "string"
            },
            {
              "id": "c1835afc-b38f-459f-a5da-321af4dcc44b",
              "name": "message",
              "value": "=🚨 Error en sistema RAG: {{ $json.body.message }}",
              "type": "string"
            }
          ]
        },
        "options": {}
      },
      "type": "n8n-nodes-base.set",
      "typeVersion": 3.4,
      "position": [
        440,
        -220
      ],
      "id": "6d80cda5-bb3a-4755-8af0-8f551f74043b",
      "name": "Error Alert"
    },
    {
      "parameters": {
        "assignments": {
          "assignments": [
            {
              "id": "6fb81852-1730-44d4-a61f-a829ae641cb3",
              "name": "priority",
              "value": "\"medium\"",
              "type": "string"
            },
            {
              "id": "31c01850-6b7e-466c-88cd-e59a23a7f25a",
              "name": "message",
              "value": "=⚠️ Advertencia en sistema RAG: {{ $json.body.message }}",
              "type": "string"
            }
          ]
        },
        "options": {}
      },
      "type": "n8n-nodes-base.set",
      "typeVersion": 3.4,
      "position": [
        440,
        0
      ],
      "id": "23360aa9-623b-4ba0-be30-3a07d5c5834a",
      "name": "Warning Alert"
    },
    {
      "parameters": {
        "assignments": {
          "assignments": [
            {
              "id": "215eb509-f502-482b-a1e6-b520a0e4b4f4",
              "name": "priority",
              "value": "\"low\"",
              "type": "string"
            },
            {
              "id": "49e405dc-4966-4320-8866-3d34c8ec5fc2",
              "name": "message",
              "value": "=ℹ️ Info sistema RAG: {{ $json.body.message }}",
              "type": "string"
            }
          ]
        },
        "options": {}
      },
      "type": "n8n-nodes-base.set",
      "typeVersion": 3.4,
      "position": [
        440,
        200
      ],
      "id": "c0b721c6-78b4-4fce-bf2d-92841f62e2ea",
      "name": "Info Alert"
    }
  ],
  "pinData": {},
  "connections": {
    "System Alert Trigger": {
      "main": [
        [
          {
            "node": "Switch",
            "type": "main",
            "index": 0
          }
        ]
      ]
    },
    "Switch": {
      "main": [
        [
          {
            "node": "Error Alert",
            "type": "main",
            "index": 0
          }
        ],
        [
          {
            "node": "Warning Alert",
            "type": "main",
            "index": 0
          }
        ],
        [
          {
            "node": "Info Alert",
            "type": "main",
            "index": 0
          }
        ]
      ]
    }
  },
  "active": true,
  "settings": {
    "executionOrder": "v1"
  },
  "versionId": "6c40b239-6ba5-4e70-9993-1e07a272d462",
  "meta": {
    "instanceId": "3648f3eeae3d370732ff00df5e4cc565cd76a6f00c0ef28cdafac1fb80b5c946"
  },
  "id": "l7u5Gk9M6LycVgfr",
  "tags": []
}