{
  "name": "Workflow 2: Procesamiento Automático de PDFs Propósito",
  "nodes": [
    {
      "parameters": {
        "httpMethod": "POST",
        "path": "/upload-pdf",
        "options": {}
      },
      "type": "n8n-nodes-base.webhook",
      "typeVersion": 2,
      "position": [
        0,
        0
      ],
      "id": "122e9a81-8cf4-413d-8460-82c86992bc0c",
      "name": "PDF Upload Trigger",
      "webhookId": "5fb45475-bf25-42c1-9b97-c382ea8b105b"
    },
    {
      "parameters": {
        "method": "POST",
        "url": "http://rag_api:8000/subir-pdf/",
        "sendBody": true,
        "bodyParameters": {
          "parameters": [
            {
              "name": "archivo",
              "value": "={{ $json.file_data }}"
            }
          ]
        },
        "options": {}
      },
      "type": "n8n-nodes-base.httpRequest",
      "typeVersion": 4.2,
      "position": [
        180,
        0
      ],
      "id": "2c30c5d5-ee72-4250-9f54-b181631bed91",
      "name": "Upload PDF to RAG"
    },
    {
      "parameters": {
        "conditions": {
          "options": {
            "caseSensitive": true,
            "leftValue": "",
            "typeValidation": "loose",
            "version": 2
          },
          "conditions": [
            {
              "id": "79108c4b-a1b2-4d27-bdae-95995312b960",
              "leftValue": "={{ $response.statusCode }}",
              "rightValue": "200",
              "operator": {
                "type": "string",
                "operation": "equals",
                "name": "filter.operator.equals"
              }
            }
          ],
          "combinator": "and"
        },
        "looseTypeValidation": true,
        "options": {}
      },
      "type": "n8n-nodes-base.if",
      "typeVersion": 2.2,
      "position": [
        340,
        0
      ],
      "id": "79f0f931-4683-4bbb-b953-aa5149781396",
      "name": "Upload Successful?"
    },
    {
      "parameters": {
        "assignments": {
          "assignments": [
            {
              "id": "8cdb2c24-313d-4dac-9aa2-c1084996cf20",
              "name": "status",
              "value": "\"success\"",
              "type": "string"
            },
            {
              "id": "c59bf15f-c0c5-4c28-8a7e-55fc780f02bf",
              "name": "message",
              "value": "={{ $json.mensaje }}",
              "type": "string"
            },
            {
              "id": "2402665b-af02-48b5-96e7-5b4fecc6f612",
              "name": "=fragments_processed",
              "value": "={{ $json.fragmentos_procesados }}",
              "type": "string"
            }
          ]
        },
        "options": {}
      },
      "type": "n8n-nodes-base.set",
      "typeVersion": 3.4,
      "position": [
        560,
        -120
      ],
      "id": "18cfa3ab-0a0a-4661-8b9a-dd1eff4abe11",
      "name": "Success Response"
    },
    {
      "parameters": {
        "assignments": {
          "assignments": [
            {
              "id": "92bd7c8c-7981-4122-bb4d-ae5767245b3e",
              "name": "status",
              "value": "\"error\"",
              "type": "string"
            },
            {
              "id": "1152640b-3e70-4245-ab50-35165b4646b7",
              "name": "error",
              "value": "={{ $json.detail || \"Unknown error\" }}",
              "type": "string"
            }
          ]
        },
        "options": {}
      },
      "type": "n8n-nodes-base.set",
      "typeVersion": 3.4,
      "position": [
        560,
        100
      ],
      "id": "d59b42c5-3d48-4952-82ec-ebe69ebfa585",
      "name": "Error Response"
    }
  ],
  "pinData": {},
  "connections": {
    "PDF Upload Trigger": {
      "main": [
        [
          {
            "node": "Upload PDF to RAG",
            "type": "main",
            "index": 0
          }
        ]
      ]
    },
    "Upload PDF to RAG": {
      "main": [
        [
          {
            "node": "Upload Successful?",
            "type": "main",
            "index": 0
          }
        ]
      ]
    },
    "Upload Successful?": {
      "main": [
        [
          {
            "node": "Success Response",
            "type": "main",
            "index": 0
          }
        ],
        [
          {
            "node": "Error Response",
            "type": "main",
            "index": 0
          }
        ]
      ]
    }
  },
  "active": true,
  "settings": {
    "executionOrder": "v1"
  },
  "versionId": "78c8174b-b2be-4ed1-b3bd-bd9871d40830",
  "meta": {
    "instanceId": "3648f3eeae3d370732ff00df5e4cc565cd76a6f00c0ef28cdafac1fb80b5c946"
  },
  "id": "g1NwRWT6qKX2UpHh",
  "tags": []
}