{
  "name": "Workflow 4: Limpieza y Mantenimiento",
  "nodes": [
    {
      "parameters": {
        "rule": {
          "interval": [
            {
              "triggerAtHour": 2
            }
          ]
        }
      },
      "type": "n8n-nodes-base.scheduleTrigger",
      "typeVersion": 1.2,
      "position": [
        -220,
        -20
      ],
      "id": "8cfdd7fd-0c1b-4339-b17c-e4beddb39cef",
      "name": "Daily Maintenance"
    },
    {
      "parameters": {
        "url": "http://rag_api:8000/health/",
        "options": {}
      },
      "type": "n8n-nodes-base.httpRequest",
      "typeVersion": 4.2,
      "position": [
        0,
        -20
      ],
      "id": "1d0ae89f-7fa7-442a-b98c-a921815db72b",
      "name": "Get System Status"
    },
    {
      "parameters": {
        "assignments": {
          "assignments": [
            {
              "id": "fbf3cb54-a1c2-4f89-bf90-1941cd31800a",
              "name": "maintenance_type",
              "value": "\"daily_cleanup\"",
              "type": "string"
            },
            {
              "id": "17267084-9d18-418c-a52b-ed4ecc441339",
              "name": "points_count",
              "value": "={{ $json.qdrant.points_count }}",
              "type": "string"
            },
            {
              "id": "285b7e0b-16ec-4bf7-a801-56ae032e27d3",
              "name": "timestamp",
              "value": "={{ new Date().toISOString() }}",
              "type": "string"
            }
          ]
        },
        "options": {}
      },
      "type": "n8n-nodes-base.set",
      "typeVersion": 3.4,
      "position": [
        220,
        -20
      ],
      "id": "0dc7e31c-080d-44dd-a4b7-34a8c8dbbfb4",
      "name": "Edit Fields"
    }
  ],
  "pinData": {},
  "connections": {
    "Daily Maintenance": {
      "main": [
        [
          {
            "node": "Get System Status",
            "type": "main",
            "index": 0
          }
        ]
      ]
    },
    "Get System Status": {
      "main": [
        [
          {
            "node": "Edit Fields",
            "type": "main",
            "index": 0
          }
        ]
      ]
    }
  },
  "active": true,
  "settings": {
    "executionOrder": "v1"
  },
  "versionId": "f9ed2a4a-1ab6-4d48-8af5-2aaf88faa56f",
  "meta": {
    "instanceId": "3648f3eeae3d370732ff00df5e4cc565cd76a6f00c0ef28cdafac1fb80b5c946"
  },
  "id": "PVrJS6VMrRevca6J",
  "tags": []
}